model,category_id,support,correct,accuracy,f1
resnet50,2,21,7,0.3333333333333333,0.4827586206896552
resnet50,3,157,35,0.2229299363057325,0.36082474226804123
resnet50,4,7,4,0.5714285714285714,0.6666666666666666
resnet50,5,19,12,0.631578947368421,0.7741935483870968
resnet50,6,25,9,0.36,0.4864864864864865
resnet50,7,21,4,0.19047619047619047,0.32
resnet50,8,23,14,0.6086956521739131,0.358974358974359
resnet50,9,22,10,0.45454545454545453,0.5405405405405406
resnet50,14,8,3,0.375,0.42857142857142855
resnet50,15,12,5,0.4166666666666667,0.5882352941176471
resnet50,16,8,5,0.625,0.7142857142857143
resnet50,17,14,8,0.5714285714285714,0.6666666666666666
resnet50,18,25,23,0.92,0.6571428571428571
resnet50,19,21,5,0.23809523809523808,0.3333333333333333
resnet50,20,10,3,0.3,0.46153846153846156
resnet50,21,14,7,0.5,0.56
resnet50,22,15,15,1.0,0.967741935483871
resnet50,23,4,4,1.0,0.7272727272727273
resnet50,24,24,18,0.75,0.8571428571428571
resnet50,27,11,1,0.09090909090909091,0.16666666666666666
resnet50,28,17,7,0.4117647058823529,0.5833333333333334
resnet50,31,14,0,0.0,0.0
resnet50,32,9,2,0.2222222222222222,0.25
resnet50,35,6,1,0.16666666666666666,0.2857142857142857
resnet50,37,17,4,0.23529411764705882,0.36363636363636365
resnet50,44,44,10,0.22727272727272727,0.36363636363636365
resnet50,47,50,3,0.06,0.1111111111111111
resnet50,49,11,1,0.09090909090909091,0.09523809523809523
resnet50,50,4,0,0.0,0.0
resnet50,51,39,0,0.0,0.0
resnet50,52,12,8,0.6666666666666666,0.7619047619047619
resnet50,53,5,1,0.2,0.3333333333333333
resnet50,54,13,2,0.15384615384615385,0.26666666666666666
resnet50,55,18,11,0.6111111111111112,0.6875
resnet50,56,19,16,0.8421052631578947,0.8421052631578947
resnet50,58,6,0,0.0,0.0
resnet50,59,27,13,0.48148148148148145,0.6190476190476191
resnet50,62,68,19,0.27941176470588236,0.4318181818181818
resnet50,63,12,4,0.3333333333333333,0.4444444444444444
resnet50,65,11,1,0.09090909090909091,0.16666666666666666
resnet50,67,25,0,0.0,0.0
resnet50,72,20,0,0.0,0.0
resnet50,73,19,7,0.3684210526315789,0.4827586206896552
resnet50,74,14,1,0.07142857142857142,0.13333333333333333
resnet50,75,14,1,0.07142857142857142,0.13333333333333333
resnet50,76,12,2,0.16666666666666666,0.26666666666666666
resnet50,77,13,1,0.07692307692307693,0.125
resnet50,78,2,2,1.0,1.0
resnet50,80,0,0,,0.0
resnet50,81,12,6,0.5,0.6666666666666666
resnet50,82,4,2,0.5,0.6666666666666666
resnet50,84,17,1,0.058823529411764705,0.1111111111111111
resnet50,85,15,9,0.6,0.72
resnet50,86,10,1,0.1,0.18181818181818182
resnet50,88,14,11,0.7857142857142857,0.8461538461538461
resnet50,89,0,0,,0.0
efficientnet_v2_s,2,21,6,0.2857142857142857,0.42857142857142855
efficientnet_v2_s,3,157,45,0.28662420382165604,0.4433497536945813
efficientnet_v2_s,4,7,2,0.2857142857142857,0.36363636363636365
efficientnet_v2_s,5,19,13,0.6842105263157895,0.7878787878787878
efficientnet_v2_s,6,25,8,0.32,0.4444444444444444
efficientnet_v2_s,7,21,6,0.2857142857142857,0.4444444444444444
efficientnet_v2_s,8,23,11,0.4782608695652174,0.22916666666666666
efficientnet_v2_s,9,22,9,0.4090909090909091,0.5806451612903226
efficientnet_v2_s,14,8,6,0.75,0.6666666666666666
efficientnet_v2_s,15,12,5,0.4166666666666667,0.5882352941176471
efficientnet_v2_s,16,8,6,0.75,0.8
efficientnet_v2_s,17,14,9,0.6428571428571429,0.6666666666666666
efficientnet_v2_s,18,25,23,0.92,0.6764705882352942
efficientnet_v2_s,19,21,8,0.38095238095238093,0.5
efficientnet_v2_s,20,10,4,0.4,0.5714285714285714
efficientnet_v2_s,21,14,7,0.5,0.56
efficientnet_v2_s,22,15,15,1.0,0.9375
efficientnet_v2_s,23,4,4,1.0,1.0
efficientnet_v2_s,24,24,18,0.75,0.8571428571428571
efficientnet_v2_s,27,11,2,0.18181818181818182,0.2857142857142857
efficientnet_v2_s,28,17,7,0.4117647058823529,0.5833333333333334
efficientnet_v2_s,31,14,0,0.0,0.0
efficientnet_v2_s,32,9,4,0.4444444444444444,0.4
efficientnet_v2_s,35,6,3,0.5,0.6666666666666666
efficientnet_v2_s,37,17,7,0.4117647058823529,0.56
efficientnet_v2_s,44,44,10,0.22727272727272727,0.35714285714285715
efficientnet_v2_s,47,50,2,0.04,0.07692307692307693
efficientnet_v2_s,49,11,1,0.09090909090909091,0.11764705882352941
efficientnet_v2_s,50,4,0,0.0,0.0
efficientnet_v2_s,51,39,3,0.07692307692307693,0.13953488372093023
efficientnet_v2_s,52,12,9,0.75,0.782608695652174
efficientnet_v2_s,53,5,2,0.4,0.5714285714285714
efficientnet_v2_s,54,13,4,0.3076923076923077,0.4
efficientnet_v2_s,55,18,6,0.3333333333333333,0.4444444444444444
efficientnet_v2_s,56,19,16,0.8421052631578947,0.8421052631578947
efficientnet_v2_s,58,6,0,0.0,0.0
efficientnet_v2_s,59,27,14,0.5185185185185185,0.6222222222222222
efficientnet_v2_s,62,68,19,0.27941176470588236,0.4222222222222222
efficientnet_v2_s,63,12,2,0.16666666666666666,0.21052631578947367
efficientnet_v2_s,65,11,0,0.0,0.0
efficientnet_v2_s,67,25,0,0.0,0.0
efficientnet_v2_s,72,20,1,0.05,0.09523809523809523
efficientnet_v2_s,73,19,6,0.3157894736842105,0.46153846153846156
efficientnet_v2_s,74,14,1,0.07142857142857142,0.13333333333333333
efficientnet_v2_s,75,14,1,0.07142857142857142,0.125
efficientnet_v2_s,76,12,2,0.16666666666666666,0.26666666666666666
efficientnet_v2_s,77,13,1,0.07692307692307693,0.13333333333333333
efficientnet_v2_s,78,2,2,1.0,1.0
efficientnet_v2_s,80,0,0,,0.0
efficientnet_v2_s,81,12,7,0.5833333333333334,0.7368421052631579
efficientnet_v2_s,82,4,4,1.0,1.0
efficientnet_v2_s,84,17,0,0.0,0.0
efficientnet_v2_s,85,15,7,0.4666666666666667,0.6363636363636364
efficientnet_v2_s,86,10,2,0.2,0.3333333333333333
efficientnet_v2_s,88,14,11,0.7857142857142857,0.8461538461538461
efficientnet_v2_s,89,0,0,,0.0
convnext_tiny,2,21,5,0.23809523809523808,0.38461538461538464
convnext_tiny,3,157,44,0.2802547770700637,0.43781094527363185
convnext_tiny,4,7,4,0.5714285714285714,0.5333333333333333
convnext_tiny,5,19,11,0.5789473684210527,0.7096774193548387
convnext_tiny,6,25,10,0.4,0.5263157894736842
convnext_tiny,7,21,5,0.23809523809523808,0.38461538461538464
convnext_tiny,8,23,14,0.6086956521739131,0.3218390804597701
convnext_tiny,9,22,9,0.4090909090909091,0.5625
convnext_tiny,14,8,4,0.5,0.4444444444444444
convnext_tiny,15,12,5,0.4166666666666667,0.5882352941176471
convnext_tiny,16,8,5,0.625,0.7142857142857143
convnext_tiny,17,14,9,0.6428571428571429,0.72
convnext_tiny,18,25,22,0.88,0.6376811594202898
convnext_tiny,19,21,11,0.5238095238095238,0.6285714285714286
convnext_tiny,20,10,3,0.3,0.46153846153846156
convnext_tiny,21,14,8,0.5714285714285714,0.5925925925925926
convnext_tiny,22,15,14,0.9333333333333333,0.875
convnext_tiny,23,4,3,0.75,0.75
convnext_tiny,24,24,18,0.75,0.8571428571428571
convnext_tiny,27,11,2,0.18181818181818182,0.3076923076923077
convnext_tiny,28,17,6,0.35294117647058826,0.5217391304347826
convnext_tiny,31,14,0,0.0,0.0
convnext_tiny,32,9,2,0.2222222222222222,0.21052631578947367
convnext_tiny,35,6,3,0.5,0.6666666666666666
convnext_tiny,37,17,4,0.23529411764705882,0.38095238095238093
convnext_tiny,44,44,10,0.22727272727272727,0.36363636363636365
convnext_tiny,47,50,2,0.04,0.07547169811320754
convnext_tiny,49,11,0,0.0,0.0
convnext_tiny,50,4,0,0.0,0.0
convnext_tiny,51,39,3,0.07692307692307693,0.13636363636363635
convnext_tiny,52,12,9,0.75,0.75
convnext_tiny,53,5,2,0.4,0.4444444444444444
convnext_tiny,54,13,2,0.15384615384615385,0.26666666666666666
convnext_tiny,55,18,7,0.3888888888888889,0.5
convnext_tiny,56,19,13,0.6842105263157895,0.7428571428571429
convnext_tiny,58,6,0,0.0,0.0
convnext_tiny,59,27,10,0.37037037037037035,0.5
convnext_tiny,62,68,19,0.27941176470588236,0.42696629213483145
convnext_tiny,63,12,5,0.4166666666666667,0.47619047619047616
convnext_tiny,65,11,0,0.0,0.0
convnext_tiny,67,25,0,0.0,0.0
convnext_tiny,72,20,1,0.05,0.09523809523809523
convnext_tiny,73,19,10,0.5263157894736842,0.6666666666666666
convnext_tiny,74,14,2,0.14285714285714285,0.25
convnext_tiny,75,14,1,0.07142857142857142,0.13333333333333333
convnext_tiny,76,12,2,0.16666666666666666,0.26666666666666666
convnext_tiny,77,13,1,0.07692307692307693,0.14285714285714285
convnext_tiny,78,2,2,1.0,1.0
convnext_tiny,80,0,0,,0.0
convnext_tiny,81,12,5,0.4166666666666667,0.5882352941176471
convnext_tiny,82,4,4,1.0,1.0
convnext_tiny,84,17,0,0.0,0.0
convnext_tiny,85,15,9,0.6,0.75
convnext_tiny,86,10,1,0.1,0.18181818181818182
convnext_tiny,88,14,11,0.7857142857142857,0.8461538461538461
convnext_tiny,89,0,0,,0.0
vit_b_16,2,21,3,0.14285714285714285,0.25
vit_b_16,3,157,53,0.3375796178343949,0.5023696682464455
vit_b_16,4,7,3,0.42857142857142855,0.46153846153846156
vit_b_16,5,19,11,0.5789473684210527,0.7333333333333333
vit_b_16,6,25,14,0.56,0.6829268292682927
vit_b_16,7,21,8,0.38095238095238093,0.5517241379310345
vit_b_16,8,23,10,0.43478260869565216,0.273972602739726
vit_b_16,9,22,10,0.45454545454545453,0.625
vit_b_16,14,8,6,0.75,0.6666666666666666
vit_b_16,15,12,5,0.4166666666666667,0.5882352941176471
vit_b_16,16,8,5,0.625,0.6666666666666666
vit_b_16,17,14,8,0.5714285714285714,0.6666666666666666
vit_b_16,18,25,23,0.92,0.647887323943662
vit_b_16,19,21,7,0.3333333333333333,0.4375
vit_b_16,20,10,3,0.3,0.46153846153846156
vit_b_16,21,14,7,0.5,0.5833333333333334
vit_b_16,22,15,15,1.0,0.9375
vit_b_16,23,4,3,0.75,0.75
vit_b_16,24,24,18,0.75,0.8571428571428571
vit_b_16,27,11,2,0.18181818181818182,0.3076923076923077
vit_b_16,28,17,10,0.5882352941176471,0.7407407407407407
vit_b_16,31,14,0,0.0,0.0
vit_b_16,32,9,5,0.5555555555555556,0.5882352941176471
vit_b_16,35,6,2,0.3333333333333333,0.5
vit_b_16,37,17,5,0.29411764705882354,0.45454545454545453
vit_b_16,44,44,9,0.20454545454545456,0.32727272727272727
vit_b_16,47,50,1,0.02,0.0392156862745098
vit_b_16,49,11,1,0.09090909090909091,0.16666666666666666
vit_b_16,50,4,0,0.0,0.0
vit_b_16,51,39,6,0.15384615384615385,0.26666666666666666
vit_b_16,52,12,10,0.8333333333333334,0.7407407407407407
vit_b_16,53,5,0,0.0,0.0
vit_b_16,54,13,3,0.23076923076923078,0.375
vit_b_16,55,18,8,0.4444444444444444,0.5714285714285714
vit_b_16,56,19,13,0.6842105263157895,0.7428571428571429
vit_b_16,58,6,0,0.0,0.0
vit_b_16,59,27,15,0.5555555555555556,0.6382978723404256
vit_b_16,62,68,20,0.29411764705882354,0.43956043956043955
vit_b_16,63,12,6,0.5,0.5217391304347826
vit_b_16,65,11,0,0.0,0.0
vit_b_16,67,25,0,0.0,0.0
vit_b_16,72,20,2,0.1,0.18181818181818182
vit_b_16,73,19,9,0.47368421052631576,0.6
vit_b_16,74,14,3,0.21428571428571427,0.35294117647058826
vit_b_16,75,14,2,0.14285714285714285,0.25
vit_b_16,76,12,2,0.16666666666666666,0.2857142857142857
vit_b_16,77,13,0,0.0,0.0
vit_b_16,78,2,2,1.0,1.0
vit_b_16,80,0,0,,0.0
vit_b_16,81,12,6,0.5,0.631578947368421
vit_b_16,82,4,2,0.5,0.6666666666666666
vit_b_16,84,17,1,0.058823529411764705,0.10526315789473684
vit_b_16,85,15,9,0.6,0.72
vit_b_16,86,10,1,0.1,0.18181818181818182
vit_b_16,88,14,12,0.8571428571428571,0.8888888888888888
vit_b_16,89,0,0,,0.0
