model,category_id,category_name,AP,TP,FP,FN,precision,recall,F1
YOLO26s,1,person,0.6030889245610139,5885,316,3851,0.9490404773423642,0.6044576828266228,0.738532973583485
YOLO26s,2,bicycle,0.3642731119469657,98,9,188,0.9158878504672897,0.34265734265734266,0.49872773536895676
YOLO26s,3,car,0.4750108464858102,848,97,889,0.8973544973544973,0.4881980426021877,0.6323639075316928
YOLO26s,4,motorcycle,0.5106210389607432,169,9,160,0.949438202247191,0.513677811550152,0.6666666666666666
YOLO26s,5,airplane,0.7418819142286334,100,4,24,0.9615384615384616,0.8064516129032258,0.8771929824561403
YOLO26s,6,bus,0.7040636374967836,192,17,67,0.9186602870813397,0.7413127413127413,0.8205128205128205
YOLO26s,7,train,0.7382828339450221,136,5,35,0.9645390070921985,0.7953216374269005,0.8717948717948718
YOLO26s,8,truck,0.37675009091578693,136,37,231,0.7861271676300579,0.37057220708446864,0.5037037037037037
YOLO26s,9,boat,0.31489580670936806,119,18,269,0.8686131386861314,0.30670103092783507,0.4533333333333333
YOLO26s,10,traffic light,0.2817424292595016,164,31,396,0.841025641025641,0.29285714285714287,0.43443708609271525
YOLO26s,11,fire hydrant,0.7211281966535521,68,4,25,0.9444444444444444,0.7311827956989247,0.8242424242424242
YOLO26s,13,stop sign,0.6738796561930297,42,5,27,0.8936170212765957,0.6086956521739131,0.7241379310344828
YOLO26s,14,parking meter,0.542664219484421,32,3,22,0.9142857142857143,0.5925925925925926,0.7191011235955056
YOLO26s,15,bench,0.32672059864233943,117,28,250,0.8068965517241379,0.3188010899182561,0.45703125
YOLO26s,16,bird,0.40905262274806564,158,7,237,0.9575757575757575,0.4,0.5642857142857143
YOLO26s,17,cat,0.7186829994849926,147,16,36,0.901840490797546,0.8032786885245902,0.8497109826589595
YOLO26s,18,dog,0.6830408879747081,152,15,52,0.9101796407185628,0.7450980392156863,0.8194070080862533
YOLO26s,19,horse,0.6497896533315639,181,15,71,0.923469387755102,0.7182539682539683,0.8080357142857143
YOLO26s,20,sheep,0.5665989809687523,179,35,109,0.8364485981308412,0.6215277777777778,0.7131474103585658
YOLO26s,21,cow,0.6010450891387624,190,9,144,0.9547738693467337,0.5688622754491018,0.7129455909943715
YOLO26s,22,elephant,0.731585031665027,197,12,48,0.9425837320574163,0.8040816326530612,0.8678414096916299
YOLO26s,23,bear,0.7053155494085014,43,3,18,0.9347826086956522,0.7049180327868853,0.8037383177570093
YOLO26s,24,zebra,0.734611907510694,205,10,55,0.9534883720930233,0.7884615384615384,0.8631578947368421
YOLO26s,25,giraffe,0.7495593215185089,190,10,31,0.95,0.8597285067873304,0.9026128266033254
YOLO26s,27,backpack,0.1823861554197981,44,15,303,0.7457627118644068,0.12680115273775217,0.21674876847290642
YOLO26s,28,umbrella,0.47657204197912695,176,28,212,0.8627450980392157,0.4536082474226804,0.5945945945945946
YOLO26s,31,handbag,0.18439530263494547,63,25,435,0.7159090909090909,0.12650602409638553,0.2150170648464164
YOLO26s,32,tie,0.38409538025505124,84,9,144,0.9032258064516129,0.3684210526315789,0.5233644859813084
YOLO26s,33,suitcase,0.4762567683437881,120,14,144,0.8955223880597015,0.45454545454545453,0.6030150753768844
YOLO26s,34,frisbee,0.7089591153307813,78,6,25,0.9285714285714286,0.7572815533980582,0.8342245989304813
YOLO26s,35,skis,0.3130032146434872,63,8,153,0.8873239436619719,0.2916666666666667,0.43902439024390244
YOLO26s,36,snowboard,0.34428896107510343,20,6,44,0.7692307692307693,0.3125,0.4444444444444444
YOLO26s,37,sports ball,0.4638416557718903,125,15,117,0.8928571428571429,0.5165289256198347,0.6544502617801047
YOLO26s,38,kite,0.4743943028734918,144,27,165,0.8421052631578947,0.46601941747572817,0.6
YOLO26s,39,baseball bat,0.40430159887008327,66,8,73,0.8918918918918919,0.4748201438848921,0.6197183098591549
YOLO26s,40,baseball glove,0.4284817616053202,73,8,66,0.9012345679012346,0.5251798561151079,0.6636363636363637
YOLO26s,41,skateboard,0.5842206798300543,109,5,57,0.956140350877193,0.6566265060240963,0.7785714285714286
YOLO26s,42,surfboard,0.4283314885899104,115,9,133,0.9274193548387096,0.4637096774193548,0.6182795698924731
YOLO26s,43,tennis racket,0.5586918604792809,119,11,82,0.9153846153846154,0.5920398009950248,0.7190332326283988
YOLO26s,44,bottle,0.4341525784101487,337,63,547,0.8425,0.38122171945701355,0.5249221183800623
YOLO26s,46,wine glass,0.41187290615350575,120,19,190,0.8633093525179856,0.3870967741935484,0.534521158129176
YOLO26s,47,cup,0.45259262712420517,332,86,432,0.7942583732057417,0.43455497382198954,0.5617597292724196
YOLO26s,48,fork,0.4180481820564826,77,11,109,0.875,0.41397849462365593,0.5620437956204379
YOLO26s,49,knife,0.2002657569505426,41,15,257,0.7321428571428571,0.13758389261744966,0.23163841807909605
YOLO26s,50,spoon,0.23644847427275578,35,13,181,0.7291666666666666,0.16203703703703703,0.26515151515151514
YOLO26s,51,bowl,0.46749454881998803,231,66,289,0.7777777777777778,0.4442307692307692,0.565483476132191
YOLO26s,52,banana,0.3140550972596714,70,18,274,0.7954545454545454,0.20348837209302326,0.32407407407407407
YOLO26s,53,apple,0.2046137193248354,28,16,177,0.6363636363636364,0.13658536585365855,0.2248995983935743
YOLO26s,54,sandwich,0.42393123162443225,70,24,84,0.7446808510638298,0.45454545454545453,0.5645161290322581
YOLO26s,55,orange,0.2797759469455338,59,42,193,0.5841584158415841,0.23412698412698413,0.3342776203966006
YOLO26s,56,broccoli,0.24062527997381233,56,28,223,0.6666666666666666,0.2007168458781362,0.3085399449035813
YOLO26s,57,carrot,0.2561474891197039,48,18,299,0.7272727272727273,0.138328530259366,0.2324455205811138
YOLO26s,58,hot dog,0.4417653717017348,48,3,73,0.9411764705882353,0.39669421487603307,0.5581395348837209
YOLO26s,59,pizza,0.5979528655339438,160,26,101,0.8602150537634409,0.6130268199233716,0.7158836689038032
YOLO26s,60,donut,0.5428540319804003,121,33,163,0.7857142857142857,0.426056338028169,0.5525114155251142
YOLO26s,61,cake,0.4619077895488234,112,14,173,0.8888888888888888,0.3929824561403509,0.5450121654501217
YOLO26s,62,chair,0.39260260156197846,524,115,995,0.8200312989045383,0.34496379196840027,0.4856348470806302
YOLO26s,63,couch,0.5030359810826881,117,28,109,0.8068965517241379,0.5176991150442478,0.6307277628032345
YOLO26s,64,potted plant,0.3435448968968031,85,27,202,0.7589285714285714,0.2961672473867596,0.42606516290726815
YOLO26s,65,bed,0.558006082036858,88,19,64,0.822429906542056,0.5789473684210527,0.6795366795366795
YOLO26s,67,dining table,0.3696842678714608,229,99,375,0.698170731707317,0.3791390728476821,0.49141630901287553
YOLO26s,70,toilet,0.7009183910743676,111,18,43,0.8604651162790697,0.7207792207792207,0.784452296819788
YOLO26s,72,tv,0.6462358572768647,177,33,71,0.8428571428571429,0.7137096774193549,0.7729257641921398
YOLO26s,73,laptop,0.6736603576313183,142,18,69,0.8875,0.6729857819905213,0.7654986522911051
YOLO26s,74,mouse,0.6370065217918229,73,8,24,0.9012345679012346,0.7525773195876289,0.8202247191011236
YOLO26s,75,remote,0.3261066670955924,70,16,179,0.813953488372093,0.28112449799196787,0.417910447761194
YOLO26s,76,keyboard,0.5519851405253957,71,12,67,0.8554216867469879,0.5144927536231884,0.6425339366515838
YOLO26s,77,cell phone,0.3992702635045173,102,24,140,0.8095238095238095,0.4214876033057851,0.5543478260869565
YOLO26s,78,microwave,0.6745551112920233,31,3,13,0.9117647058823529,0.7045454545454546,0.7948717948717948
YOLO26s,79,oven,0.4795333491106578,58,11,64,0.8405797101449275,0.47540983606557374,0.6073298429319371
YOLO26s,80,toaster,0.4335457618238096,3,1,4,0.75,0.42857142857142855,0.5454545454545454
YOLO26s,81,sink,0.47911082281034867,94,16,101,0.8545454545454545,0.48205128205128206,0.6163934426229508
YOLO26s,82,refrigerator,0.6773363785901277,76,6,34,0.926829268292683,0.6909090909090909,0.7916666666666666
YOLO26s,84,book,0.17590997985874002,59,17,918,0.7763157894736842,0.06038894575230297,0.1120607787274454
YOLO26s,85,clock,0.538111570047151,149,17,91,0.8975903614457831,0.6208333333333333,0.7339901477832512
YOLO26s,86,vase,0.4294518806747852,90,26,140,0.7758620689655172,0.391304347826087,0.5202312138728323
YOLO26s,87,scissors,0.39072915055364105,12,1,20,0.9230769230769231,0.375,0.5333333333333333
YOLO26s,88,teddy bear,0.5456081760440173,93,15,79,0.8611111111111112,0.5406976744186046,0.6642857142857143
YOLO26s,89,hair drier,0.06486244002551517,0,1,10,0.0,0.0,0.0
YOLO26s,90,toothbrush,0.3096990577115096,16,4,34,0.8,0.32,0.45714285714285713
RT-DETRv2 R18,1,person,0.5969379002947875,7444,1465,2292,0.835559546525985,0.7645850451930978,0.7984982569053366
RT-DETRv2 R18,2,bicycle,0.34609552847256125,145,63,141,0.6971153846153846,0.506993006993007,0.5870445344129555
RT-DETRv2 R18,3,car,0.48660531886635533,1154,516,583,0.6910179640718563,0.6643638457109959,0.677428823011447
RT-DETRv2 R18,4,motorcycle,0.5303750233677959,227,55,102,0.8049645390070922,0.6899696048632219,0.7430441898527005
RT-DETRv2 R18,5,airplane,0.7504871925166101,108,31,16,0.7769784172661871,0.8709677419354839,0.8212927756653993
RT-DETRv2 R18,6,bus,0.7216791053876538,205,42,54,0.8299595141700404,0.7915057915057915,0.8102766798418972
RT-DETRv2 R18,7,train,0.7571919995113902,146,24,25,0.8588235294117647,0.8538011695906432,0.8563049853372434
RT-DETRv2 R18,8,truck,0.4320467981312381,211,172,156,0.5509138381201044,0.5749318801089919,0.5626666666666666
RT-DETRv2 R18,9,boat,0.34105458617762074,202,121,186,0.6253869969040248,0.520618556701031,0.5682137834036568
RT-DETRv2 R18,10,traffic light,0.30125240001715264,300,164,260,0.646551724137931,0.5357142857142857,0.5859375
RT-DETRv2 R18,11,fire hydrant,0.7127769535579702,76,18,17,0.8085106382978723,0.8172043010752689,0.8128342245989305
RT-DETRv2 R18,13,stop sign,0.7246998931324452,52,17,17,0.7536231884057971,0.7536231884057971,0.7536231884057971
RT-DETRv2 R18,14,parking meter,0.5602010104612355,38,17,16,0.6909090909090909,0.7037037037037037,0.6972477064220184
RT-DETRv2 R18,15,bench,0.30075842746420783,145,105,222,0.58,0.39509536784741145,0.4700162074554295
RT-DETRv2 R18,16,bird,0.4136079373388268,191,35,204,0.8451327433628318,0.4835443037974684,0.6151368760064412
RT-DETRv2 R18,17,cat,0.7536419125720379,162,30,21,0.84375,0.8852459016393442,0.864
RT-DETRv2 R18,18,dog,0.6950027179892286,162,55,42,0.7465437788018433,0.7941176470588235,0.7695961995249406
RT-DETRv2 R18,19,horse,0.6441230056403099,200,52,52,0.7936507936507936,0.7936507936507936,0.7936507936507936
RT-DETRv2 R18,20,sheep,0.5339615034538918,215,103,73,0.6761006289308176,0.7465277777777778,0.7095709570957096
RT-DETRv2 R18,21,cow,0.6263957308074972,263,63,71,0.8067484662576687,0.7874251497005988,0.796969696969697
RT-DETRv2 R18,22,elephant,0.7069599945426226,213,44,32,0.8287937743190662,0.8693877551020408,0.848605577689243
RT-DETRv2 R18,23,bear,0.7571381169959386,52,7,9,0.8813559322033898,0.8524590163934426,0.8666666666666667
RT-DETRv2 R18,24,zebra,0.742064881535528,229,43,31,0.8419117647058824,0.8807692307692307,0.8609022556390977
RT-DETRv2 R18,25,giraffe,0.7415806227424847,196,33,25,0.8558951965065502,0.8868778280542986,0.8711111111111111
RT-DETRv2 R18,27,backpack,0.2073692720587808,118,118,229,0.5,0.3400576368876081,0.40480274442538594
RT-DETRv2 R18,28,umbrella,0.4742380986695025,258,127,130,0.6701298701298701,0.6649484536082474,0.6675291073738681
RT-DETRv2 R18,31,handbag,0.20356336426570293,159,165,339,0.49074074074074076,0.3192771084337349,0.38686131386861317
RT-DETRv2 R18,32,tie,0.3916263343332835,123,45,105,0.7321428571428571,0.5394736842105263,0.6212121212121212
RT-DETRv2 R18,33,suitcase,0.5022207504400165,167,72,97,0.698744769874477,0.6325757575757576,0.6640159045725647
RT-DETRv2 R18,34,frisbee,0.7454087640382079,93,12,10,0.8857142857142857,0.9029126213592233,0.8942307692307693
RT-DETRv2 R18,35,skis,0.3243084109960222,114,67,102,0.6298342541436464,0.5277777777777778,0.5743073047858942
RT-DETRv2 R18,36,snowboard,0.37801610330532526,27,21,37,0.5625,0.421875,0.48214285714285715
RT-DETRv2 R18,37,sports ball,0.4863165149329005,151,50,91,0.7512437810945274,0.6239669421487604,0.6817155756207675
RT-DETRv2 R18,38,kite,0.4878866476041768,200,93,109,0.6825938566552902,0.6472491909385113,0.6644518272425249
RT-DETRv2 R18,39,baseball bat,0.38894545290941984,87,37,52,0.7016129032258065,0.6258992805755396,0.6615969581749049
RT-DETRv2 R18,40,baseball glove,0.38096658068951467,87,27,52,0.7631578947368421,0.6258992805755396,0.6877470355731226
RT-DETRv2 R18,41,skateboard,0.59728705634004,130,18,36,0.8783783783783784,0.7831325301204819,0.8280254777070064
RT-DETRv2 R18,42,surfboard,0.46447847843103296,156,59,92,0.7255813953488373,0.6290322580645161,0.673866090712743
RT-DETRv2 R18,43,tennis racket,0.5381183070584185,156,40,45,0.7959183673469388,0.7761194029850746,0.7858942065491183
RT-DETRv2 R18,44,bottle,0.43776388693505497,509,276,375,0.6484076433121019,0.5757918552036199,0.609946075494308
RT-DETRv2 R18,46,wine glass,0.42142300359981266,181,78,129,0.6988416988416989,0.5838709677419355,0.6362038664323374
RT-DETRv2 R18,47,cup,0.4538322765836562,457,317,307,0.5904392764857881,0.5981675392670157,0.5942782834850455
RT-DETRv2 R18,48,fork,0.4641295913432281,104,43,82,0.7074829931972789,0.5591397849462365,0.6246246246246246
RT-DETRv2 R18,49,knife,0.26701821248354896,116,106,182,0.5225225225225225,0.38926174496644295,0.4461538461538462
RT-DETRv2 R18,50,spoon,0.2703807699206974,84,101,132,0.4540540540540541,0.3888888888888889,0.41895261845386533
RT-DETRv2 R18,51,bowl,0.4637015851610302,318,263,202,0.5473321858864028,0.6115384615384616,0.5776566757493188
RT-DETRv2 R18,52,banana,0.3238732897624475,142,95,202,0.5991561181434599,0.4127906976744186,0.48881239242685026
RT-DETRv2 R18,53,apple,0.1800227432648099,65,129,140,0.33505154639175255,0.3170731707317073,0.3258145363408521
RT-DETRv2 R18,54,sandwich,0.3870235011879844,84,85,70,0.4970414201183432,0.5454545454545454,0.5201238390092879
RT-DETRv2 R18,55,orange,0.29835072931925927,117,182,135,0.391304347826087,0.4642857142857143,0.4246823956442831
RT-DETRv2 R18,56,broccoli,0.2537219029245004,140,130,139,0.5185185185185185,0.5017921146953405,0.5100182149362478
RT-DETRv2 R18,57,carrot,0.2673808218808371,144,152,203,0.4864864864864865,0.414985590778098,0.447900466562986
RT-DETRv2 R18,58,hot dog,0.4547201837565961,60,25,61,0.7058823529411765,0.49586776859504134,0.5825242718446602
RT-DETRv2 R18,59,pizza,0.6026402680945883,194,83,67,0.7003610108303249,0.7432950191570882,0.7211895910780669
RT-DETRv2 R18,60,donut,0.5119971692573766,178,104,106,0.6312056737588653,0.6267605633802817,0.6289752650176679
RT-DETRv2 R18,61,cake,0.4157043104617843,160,86,125,0.6504065040650406,0.5614035087719298,0.6026365348399246
RT-DETRv2 R18,62,chair,0.3453144893307593,740,501,779,0.5962933118452861,0.4871626069782752,0.5362318840579711
RT-DETRv2 R18,63,couch,0.4992800967879481,141,109,85,0.564,0.6238938053097345,0.592436974789916
RT-DETRv2 R18,64,potted plant,0.3101324188646124,159,138,128,0.5353535353535354,0.554006968641115,0.5445205479452054
RT-DETRv2 R18,65,bed,0.5387369698799369,99,59,53,0.6265822784810127,0.6513157894736842,0.6387096774193548
RT-DETRv2 R18,67,dining table,0.3518486256029193,313,347,291,0.47424242424242424,0.5182119205298014,0.495253164556962
RT-DETRv2 R18,70,toilet,0.7199204773722991,125,37,29,0.7716049382716049,0.8116883116883117,0.7911392405063291
RT-DETRv2 R18,72,tv,0.6372469243390474,193,61,55,0.7598425196850394,0.7782258064516129,0.7689243027888446
RT-DETRv2 R18,73,laptop,0.6747073979276419,153,59,58,0.7216981132075472,0.7251184834123223,0.723404255319149
RT-DETRv2 R18,74,mouse,0.6616156598575831,79,33,18,0.7053571428571429,0.8144329896907216,0.7559808612440191
RT-DETRv2 R18,75,remote,0.3851189770320055,137,91,112,0.6008771929824561,0.5502008032128514,0.5744234800838575
RT-DETRv2 R18,76,keyboard,0.5849362146776638,102,66,36,0.6071428571428571,0.7391304347826086,0.6666666666666666
RT-DETRv2 R18,77,cell phone,0.39041270282534835,130,89,112,0.593607305936073,0.5371900826446281,0.5639913232104121
RT-DETRv2 R18,78,microwave,0.7075769427978736,40,24,4,0.625,0.9090909090909091,0.7407407407407407
RT-DETRv2 R18,79,oven,0.44689316879107,72,52,50,0.5806451612903226,0.5901639344262295,0.5853658536585366
RT-DETRv2 R18,80,toaster,0.5160625112575442,5,1,2,0.8333333333333334,0.7142857142857143,0.7692307692307693
RT-DETRv2 R18,81,sink,0.44147655146651205,124,69,71,0.6424870466321243,0.6358974358974359,0.6391752577319587
RT-DETRv2 R18,82,refrigerator,0.647038152650651,81,45,29,0.6428571428571429,0.7363636363636363,0.6864406779661016
RT-DETRv2 R18,84,book,0.16918520452380081,223,258,754,0.46361746361746364,0.22824974411463664,0.3058984910836763
RT-DETRv2 R18,85,clock,0.5342599270861567,167,54,73,0.755656108597285,0.6958333333333333,0.7245119305856833
RT-DETRv2 R18,86,vase,0.4068553932533881,140,119,90,0.5405405405405406,0.6086956521739131,0.5725971370143149
RT-DETRv2 R18,87,scissors,0.3481124824194198,13,5,19,0.7222222222222222,0.40625,0.52
RT-DETRv2 R18,88,teddy bear,0.472518967734743,111,69,61,0.6166666666666667,0.6453488372093024,0.6306818181818182
RT-DETRv2 R18,89,hair drier,0.12428690357754073,0,0,10,0.0,0.0,0.0
RT-DETRv2 R18,90,toothbrush,0.3326481047448098,23,28,27,0.45098039215686275,0.46,0.45544554455445546
RF-DETR Small,1,person,0.6086666876595354,6569,411,3167,0.9411174785100287,0.6747124075595727,0.7859535774108638
RF-DETR Small,2,bicycle,0.39508450838043413,136,11,150,0.9251700680272109,0.4755244755244755,0.628175519630485
RF-DETR Small,3,car,0.5037571349293963,1061,152,676,0.8746908491343776,0.6108232584916523,0.7193220338983051
RF-DETR Small,4,motorcycle,0.5544381765252998,193,22,136,0.8976744186046511,0.5866261398176292,0.7095588235294118
RF-DETR Small,5,airplane,0.7846983688894931,106,11,18,0.905982905982906,0.8548387096774194,0.8796680497925311
RF-DETR Small,6,bus,0.7620109292314775,203,18,56,0.918552036199095,0.7837837837837838,0.8458333333333333
RF-DETR Small,7,train,0.7879956821401869,142,7,29,0.9530201342281879,0.8304093567251462,0.8875
RF-DETR Small,8,truck,0.4926669329730952,176,41,191,0.8110599078341014,0.47956403269754766,0.6027397260273972
RF-DETR Small,9,boat,0.37870553816623326,175,35,213,0.8333333333333334,0.45103092783505155,0.5852842809364549
RF-DETR Small,10,traffic light,0.30562200916322474,253,56,307,0.8187702265372169,0.4517857142857143,0.5822784810126582
RF-DETR Small,11,fire hydrant,0.7658717357313772,77,1,16,0.9871794871794872,0.8279569892473119,0.9005847953216374
RF-DETR Small,13,stop sign,0.7058118218170557,43,6,26,0.8775510204081632,0.6231884057971014,0.7288135593220338
RF-DETR Small,14,parking meter,0.5262732226249494,35,5,19,0.875,0.6481481481481481,0.7446808510638298
RF-DETR Small,15,bench,0.39615809892803355,135,23,232,0.8544303797468354,0.3678474114441417,0.5142857142857142
RF-DETR Small,16,bird,0.44046284196137536,186,9,209,0.9538461538461539,0.4708860759493671,0.6305084745762712
RF-DETR Small,17,cat,0.8009783577681746,163,10,20,0.9421965317919075,0.8907103825136612,0.9157303370786517
RF-DETR Small,18,dog,0.759897798120635,165,20,39,0.8918918918918919,0.8088235294117647,0.8483290488431876
RF-DETR Small,19,horse,0.6812484104389658,189,14,63,0.9310344827586207,0.75,0.8307692307692308
RF-DETR Small,20,sheep,0.5910061815340949,192,31,96,0.8609865470852018,0.6666666666666666,0.7514677103718199
RF-DETR Small,21,cow,0.6447122868747095,227,10,107,0.9578059071729957,0.6796407185628742,0.7950963222416813
RF-DETR Small,22,elephant,0.747562394267317,209,17,36,0.9247787610619469,0.8530612244897959,0.8874734607218684
RF-DETR Small,23,bear,0.7920673899638178,52,5,9,0.9122807017543859,0.8524590163934426,0.8813559322033898
RF-DETR Small,24,zebra,0.7425556781343876,219,19,41,0.9201680672268907,0.8423076923076923,0.8795180722891566
RF-DETR Small,25,giraffe,0.757324358419432,192,9,29,0.9552238805970149,0.8687782805429864,0.909952606635071
RF-DETR Small,27,backpack,0.286824304425024,96,21,251,0.8205128205128205,0.276657060518732,0.41379310344827586
RF-DETR Small,28,umbrella,0.5165739501235309,203,32,185,0.8638297872340426,0.5231958762886598,0.651685393258427
RF-DETR Small,31,handbag,0.27274424234348293,139,38,359,0.7853107344632768,0.2791164658634538,0.41185185185185186
RF-DETR Small,32,tie,0.4313773585053514,113,16,115,0.875968992248062,0.4956140350877193,0.6330532212885154
RF-DETR Small,33,suitcase,0.552022102740702,159,19,105,0.8932584269662921,0.6022727272727273,0.7194570135746606
RF-DETR Small,34,frisbee,0.7311317533869702,91,9,12,0.91,0.883495145631068,0.896551724137931
RF-DETR Small,35,skis,0.3884287674876191,97,14,119,0.8738738738738738,0.44907407407407407,0.5932721712538226
RF-DETR Small,36,snowboard,0.4534956878483459,31,6,33,0.8378378378378378,0.484375,0.6138613861386139
RF-DETR Small,37,sports ball,0.46058332379912403,134,11,108,0.9241379310344827,0.5537190082644629,0.6925064599483204
RF-DETR Small,38,kite,0.5274090719511401,173,43,136,0.8009259259259259,0.5598705501618123,0.659047619047619
RF-DETR Small,39,baseball bat,0.5179851203403796,86,8,53,0.9148936170212766,0.6187050359712231,0.7381974248927039
RF-DETR Small,40,baseball glove,0.45207325687964656,87,6,52,0.9354838709677419,0.6258992805755396,0.75
RF-DETR Small,41,skateboard,0.633053762529122,130,10,36,0.9285714285714286,0.7831325301204819,0.8496732026143791
RF-DETR Small,42,surfboard,0.5004724544409398,151,9,97,0.94375,0.6088709677419355,0.7401960784313726
RF-DETR Small,43,tennis racket,0.6021238711538981,160,12,41,0.9302325581395349,0.7960199004975125,0.8579088471849866
RF-DETR Small,44,bottle,0.45356188534307523,418,78,466,0.842741935483871,0.47285067873303166,0.6057971014492753
RF-DETR Small,46,wine glass,0.45444463459650486,166,24,144,0.8736842105263158,0.535483870967742,0.664
RF-DETR Small,47,cup,0.5179431631456708,412,71,352,0.8530020703933747,0.5392670157068062,0.6607858861267041
RF-DETR Small,48,fork,0.5169040798595381,104,18,82,0.8524590163934426,0.5591397849462365,0.6753246753246753
RF-DETR Small,49,knife,0.30622735806426377,89,26,209,0.7739130434782608,0.2986577181208054,0.43099273607748184
RF-DETR Small,50,spoon,0.33303398812680834,74,30,142,0.7115384615384616,0.3425925925925926,0.4625
RF-DETR Small,51,bowl,0.5247956515406893,277,59,243,0.8244047619047619,0.5326923076923077,0.647196261682243
RF-DETR Small,52,banana,0.33349720910756636,85,26,259,0.7657657657657657,0.24709302325581395,0.37362637362637363
RF-DETR Small,53,apple,0.21810557609154826,51,47,154,0.5204081632653061,0.24878048780487805,0.33663366336633666
RF-DETR Small,54,sandwich,0.5030868319348812,73,13,81,0.8488372093023255,0.474025974025974,0.6083333333333333
RF-DETR Small,55,orange,0.3412924390607517,81,55,171,0.5955882352941176,0.32142857142857145,0.4175257731958763
RF-DETR Small,56,broccoli,0.29343230477215654,84,34,195,0.711864406779661,0.3010752688172043,0.42317380352644834
RF-DETR Small,57,carrot,0.3086339791691016,91,27,256,0.7711864406779662,0.2622478386167147,0.3913978494623656
RF-DETR Small,58,hot dog,0.5366044829457866,55,7,66,0.8870967741935484,0.45454545454545453,0.6010928961748634
RF-DETR Small,59,pizza,0.6211618847407044,172,25,89,0.8730964467005076,0.6590038314176245,0.7510917030567685
RF-DETR Small,60,donut,0.55973551214702,154,28,130,0.8461538461538461,0.5422535211267606,0.6609442060085837
RF-DETR Small,61,cake,0.5101925731677083,147,21,138,0.875,0.5157894736842106,0.6490066225165563
RF-DETR Small,62,chair,0.44499932571089745,704,131,815,0.8431137724550898,0.46346280447662935,0.5981308411214953
RF-DETR Small,63,couch,0.6090287165461079,128,14,98,0.9014084507042254,0.5663716814159292,0.6956521739130435
RF-DETR Small,64,potted plant,0.41385519498060874,139,47,148,0.7473118279569892,0.4843205574912892,0.587737843551797
RF-DETR Small,65,bed,0.6433381110132592,99,14,53,0.8761061946902655,0.6513157894736842,0.7471698113207547
RF-DETR Small,67,dining table,0.4052293655482017,225,74,379,0.7525083612040134,0.37251655629139074,0.4983388704318937
RF-DETR Small,70,toilet,0.7226866735977161,120,14,34,0.8955223880597015,0.7792207792207793,0.8333333333333334
RF-DETR Small,72,tv,0.7025567293218269,202,23,46,0.8977777777777778,0.8145161290322581,0.854122621564482
RF-DETR Small,73,laptop,0.7551487968414856,172,13,39,0.9297297297297298,0.8151658767772512,0.8686868686868687
RF-DETR Small,74,mouse,0.6480572959803085,80,8,17,0.9090909090909091,0.8247422680412371,0.8648648648648649
RF-DETR Small,75,remote,0.4190812941096436,126,25,123,0.8344370860927153,0.5060240963855421,0.63
RF-DETR Small,76,keyboard,0.6090348502010472,79,12,59,0.8681318681318682,0.572463768115942,0.6899563318777293
RF-DETR Small,77,cell phone,0.45534544435577223,137,31,105,0.8154761904761905,0.5661157024793388,0.6682926829268293
RF-DETR Small,78,microwave,0.7130800279781598,35,3,9,0.9210526315789473,0.7954545454545454,0.8536585365853658
RF-DETR Small,79,oven,0.5161364097120688,64,10,58,0.8648648648648649,0.5245901639344263,0.6530612244897959
RF-DETR Small,80,toaster,0.3641343235529253,5,3,2,0.625,0.7142857142857143,0.6666666666666666
RF-DETR Small,81,sink,0.49956030848973443,116,18,79,0.8656716417910447,0.5948717948717949,0.7051671732522796
RF-DETR Small,82,refrigerator,0.7374686728140109,79,6,31,0.9294117647058824,0.7181818181818181,0.8102564102564103
RF-DETR Small,84,book,0.1991816220519412,132,43,845,0.7542857142857143,0.13510747185261002,0.22916666666666666
RF-DETR Small,85,clock,0.571032078287091,172,15,68,0.9197860962566845,0.7166666666666667,0.8056206088992974
RF-DETR Small,86,vase,0.46665021866180595,115,30,115,0.7931034482758621,0.5,0.6133333333333333
RF-DETR Small,87,scissors,0.454561925352939,14,4,18,0.7777777777777778,0.4375,0.56
RF-DETR Small,88,teddy bear,0.622939168171809,109,19,63,0.8515625,0.6337209302325582,0.7266666666666667
RF-DETR Small,89,hair drier,0.28458541893337547,2,0,8,1.0,0.2,0.3333333333333333
RF-DETR Small,90,toothbrush,0.42622625949945636,25,6,25,0.8064516129032258,0.5,0.6172839506172839
Faster R-CNN ResNet50 FPN V2,1,person,0.5958198537308281,8243,2757,1493,0.7493636363636363,0.8466516023007395,0.7950424382716049
Faster R-CNN ResNet50 FPN V2,2,bicycle,0.38420697984879565,195,154,91,0.5587392550143266,0.6818181818181818,0.6141732283464567
Faster R-CNN ResNet50 FPN V2,3,car,0.5017644166309843,1366,864,371,0.6125560538116592,0.7864133563615429,0.6886816233929922
Faster R-CNN ResNet50 FPN V2,4,motorcycle,0.5010478706005735,259,124,70,0.6762402088772846,0.7872340425531915,0.7275280898876404
Faster R-CNN ResNet50 FPN V2,5,airplane,0.6893774994498096,110,61,14,0.6432748538011696,0.8870967741935484,0.7457627118644068
Faster R-CNN ResNet50 FPN V2,6,bus,0.7080745703624837,216,71,43,0.7526132404181185,0.833976833976834,0.7912087912087912
Faster R-CNN ResNet50 FPN V2,7,train,0.6861026551652422,153,66,18,0.6986301369863014,0.8947368421052632,0.7846153846153846
Faster R-CNN ResNet50 FPN V2,8,truck,0.42829949594027755,226,198,141,0.5330188679245284,0.6158038147138964,0.5714285714285714
Faster R-CNN ResNet50 FPN V2,9,boat,0.32091946509461505,263,309,125,0.4597902097902098,0.6778350515463918,0.5479166666666667
Faster R-CNN ResNet50 FPN V2,10,traffic light,0.3136990364346679,378,310,182,0.5494186046511628,0.675,0.6057692307692307
Faster R-CNN ResNet50 FPN V2,11,fire hydrant,0.7136536251018883,80,20,13,0.8,0.8602150537634409,0.8290155440414507
Faster R-CNN ResNet50 FPN V2,13,stop sign,0.7194014466017469,55,36,14,0.6043956043956044,0.7971014492753623,0.6875
Faster R-CNN ResNet50 FPN V2,14,parking meter,0.47824835710911767,36,35,18,0.5070422535211268,0.6666666666666666,0.576
Faster R-CNN ResNet50 FPN V2,15,bench,0.31806471820340926,187,289,180,0.39285714285714285,0.5095367847411444,0.44365361803084225
Faster R-CNN ResNet50 FPN V2,16,bird,0.4162409454407784,243,113,152,0.6825842696629213,0.6151898734177215,0.6471371504660453
Faster R-CNN ResNet50 FPN V2,17,cat,0.7147119051670375,171,49,12,0.7772727272727272,0.9344262295081968,0.8486352357320099
Faster R-CNN ResNet50 FPN V2,18,dog,0.6740216918511213,170,66,34,0.7203389830508474,0.8333333333333334,0.7727272727272727
Faster R-CNN ResNet50 FPN V2,19,horse,0.635686691361523,216,93,36,0.6990291262135923,0.8571428571428571,0.7700534759358288
Faster R-CNN ResNet50 FPN V2,20,sheep,0.5244154427401925,228,140,60,0.6195652173913043,0.7916666666666666,0.6951219512195121
Faster R-CNN ResNet50 FPN V2,21,cow,0.6202090145430948,262,119,72,0.6876640419947506,0.7844311377245509,0.7328671328671329
Faster R-CNN ResNet50 FPN V2,22,elephant,0.6654356670236115,224,55,21,0.8028673835125448,0.9142857142857143,0.8549618320610687
Faster R-CNN ResNet50 FPN V2,23,bear,0.6725183336179094,50,10,11,0.8333333333333334,0.819672131147541,0.8264462809917356
Faster R-CNN ResNet50 FPN V2,24,zebra,0.692705663129685,238,62,22,0.7933333333333333,0.9153846153846154,0.85
Faster R-CNN ResNet50 FPN V2,25,giraffe,0.6943588976123546,205,42,16,0.8299595141700404,0.9276018099547512,0.8760683760683761
Faster R-CNN ResNet50 FPN V2,27,backpack,0.20819122651096578,157,237,190,0.39847715736040606,0.45244956772334294,0.42375168690958165
Faster R-CNN ResNet50 FPN V2,28,umbrella,0.4513253322550473,282,193,106,0.5936842105263158,0.7268041237113402,0.6535341830822712
Faster R-CNN ResNet50 FPN V2,31,handbag,0.21322330500424305,217,336,281,0.3924050632911392,0.4357429718875502,0.41294005708848713
Faster R-CNN ResNet50 FPN V2,32,tie,0.3898935488877287,149,117,79,0.5601503759398496,0.6535087719298246,0.6032388663967612
Faster R-CNN ResNet50 FPN V2,33,suitcase,0.4783170043982658,187,96,77,0.6607773851590106,0.7083333333333334,0.6837294332723949
Faster R-CNN ResNet50 FPN V2,34,frisbee,0.6939846502492939,92,26,11,0.7796610169491526,0.8932038834951457,0.832579185520362
Faster R-CNN ResNet50 FPN V2,35,skis,0.3001730645915157,132,146,84,0.4748201438848921,0.6111111111111112,0.5344129554655871
Faster R-CNN ResNet50 FPN V2,36,snowboard,0.4351622217169441,38,40,26,0.48717948717948717,0.59375,0.5352112676056338
Faster R-CNN ResNet50 FPN V2,37,sports ball,0.5100774978210718,178,111,64,0.615916955017301,0.7355371900826446,0.6704331450094162
Faster R-CNN ResNet50 FPN V2,38,kite,0.4660888831701681,222,115,87,0.658753709198813,0.7184466019417476,0.6873065015479877
Faster R-CNN ResNet50 FPN V2,39,baseball bat,0.37857989443001655,90,43,49,0.6766917293233082,0.6474820143884892,0.6617647058823529
Faster R-CNN ResNet50 FPN V2,40,baseball glove,0.4247728264572449,93,57,46,0.62,0.6690647482014388,0.643598615916955
Faster R-CNN ResNet50 FPN V2,41,skateboard,0.5926808998910501,141,44,25,0.7621621621621621,0.8493975903614458,0.8034188034188035
Faster R-CNN ResNet50 FPN V2,42,surfboard,0.43990123241891343,175,105,73,0.625,0.7056451612903226,0.6628787878787878
Faster R-CNN ResNet50 FPN V2,43,tennis racket,0.5782971242440971,169,44,32,0.7934272300469484,0.8407960199004975,0.8164251207729468
Faster R-CNN ResNet50 FPN V2,44,bottle,0.4502508901073027,621,520,263,0.544259421560035,0.7024886877828054,0.6133333333333333
Faster R-CNN ResNet50 FPN V2,46,wine glass,0.42418345103048166,208,114,102,0.6459627329192547,0.6709677419354839,0.6582278481012658
Faster R-CNN ResNet50 FPN V2,47,cup,0.48500710085918824,511,422,253,0.5476956055734191,0.668848167539267,0.6022392457277549
Faster R-CNN ResNet50 FPN V2,48,fork,0.43575451802168236,115,68,71,0.6284153005464481,0.6182795698924731,0.6233062330623306
Faster R-CNN ResNet50 FPN V2,49,knife,0.27653055389893777,151,176,147,0.4617737003058104,0.5067114093959731,0.4832
Faster R-CNN ResNet50 FPN V2,50,spoon,0.27580887770853996,107,146,109,0.42292490118577075,0.49537037037037035,0.4562899786780384
Faster R-CNN ResNet50 FPN V2,51,bowl,0.4664464891692374,372,428,148,0.465,0.7153846153846154,0.5636363636363636
Faster R-CNN ResNet50 FPN V2,52,banana,0.30045786473235647,189,200,155,0.48586118251928023,0.5494186046511628,0.5156889495225102
Faster R-CNN ResNet50 FPN V2,53,apple,0.23111293326942983,92,187,113,0.32974910394265233,0.44878048780487806,0.38016528925619836
Faster R-CNN ResNet50 FPN V2,54,sandwich,0.39099841930510787,93,97,61,0.48947368421052634,0.6038961038961039,0.5406976744186046
Faster R-CNN ResNet50 FPN V2,55,orange,0.32780034391864254,149,216,103,0.40821917808219177,0.5912698412698413,0.4829821717990275
Faster R-CNN ResNet50 FPN V2,56,broccoli,0.23573769669548153,160,260,119,0.38095238095238093,0.5734767025089605,0.45779685264663805
Faster R-CNN ResNet50 FPN V2,57,carrot,0.2375003603660085,178,313,169,0.3625254582484725,0.5129682997118156,0.42482100238663484
Faster R-CNN ResNet50 FPN V2,58,hot dog,0.40253453314455456,67,24,54,0.7362637362637363,0.5537190082644629,0.6320754716981132
Faster R-CNN ResNet50 FPN V2,59,pizza,0.5492013646535373,198,122,63,0.61875,0.7586206896551724,0.6815834767641996
Faster R-CNN ResNet50 FPN V2,60,donut,0.5015787529170741,193,103,91,0.652027027027027,0.6795774647887324,0.6655172413793103
Faster R-CNN ResNet50 FPN V2,61,cake,0.3995310614980059,182,122,103,0.5986842105263158,0.6385964912280702,0.6179966044142614
Faster R-CNN ResNet50 FPN V2,62,chair,0.33503042889790546,911,1051,608,0.464322120285423,0.5997366688610928,0.523412812410227
Faster R-CNN ResNet50 FPN V2,63,couch,0.4522656117211139,158,121,68,0.5663082437275986,0.6991150442477876,0.6257425742574257
Faster R-CNN ResNet50 FPN V2,64,potted plant,0.32157103922147523,189,261,98,0.42,0.6585365853658537,0.5128900949796472
Faster R-CNN ResNet50 FPN V2,65,bed,0.4334029439275694,108,94,44,0.5346534653465347,0.7105263157894737,0.6101694915254238
Faster R-CNN ResNet50 FPN V2,67,dining table,0.29584416951022424,372,616,232,0.3765182186234818,0.6158940397350994,0.46733668341708545
Faster R-CNN ResNet50 FPN V2,70,toilet,0.6383024184353863,127,74,27,0.6318407960199005,0.8246753246753247,0.7154929577464789
Faster R-CNN ResNet50 FPN V2,72,tv,0.5962003832993722,200,121,48,0.6230529595015576,0.8064516129032258,0.70298769771529
Faster R-CNN ResNet50 FPN V2,73,laptop,0.6493103802501846,165,74,46,0.6903765690376569,0.7819905213270142,0.7333333333333333
Faster R-CNN ResNet50 FPN V2,74,mouse,0.6783315993094566,87,47,10,0.6492537313432836,0.8969072164948454,0.7532467532467533
Faster R-CNN ResNet50 FPN V2,75,remote,0.40546120779075445,170,159,79,0.5167173252279635,0.6827309236947792,0.5882352941176471
Faster R-CNN ResNet50 FPN V2,76,keyboard,0.5641785917871459,114,89,24,0.5615763546798029,0.8260869565217391,0.6686217008797654
Faster R-CNN ResNet50 FPN V2,77,cell phone,0.4301495782907831,168,154,74,0.5217391304347826,0.6942148760330579,0.5957446808510638
Faster R-CNN ResNet50 FPN V2,78,microwave,0.6128571592683999,34,20,10,0.6296296296296297,0.7727272727272727,0.6938775510204082
Faster R-CNN ResNet50 FPN V2,79,oven,0.4167463152716127,82,108,40,0.43157894736842106,0.6721311475409836,0.5256410256410257
Faster R-CNN ResNet50 FPN V2,80,toaster,0.5943310694705835,6,6,1,0.5,0.8571428571428571,0.631578947368421
Faster R-CNN ResNet50 FPN V2,81,sink,0.4414015575417453,150,162,45,0.4807692307692308,0.7692307692307693,0.591715976331361
Faster R-CNN ResNet50 FPN V2,82,refrigerator,0.6049330092714453,84,78,26,0.5185185185185185,0.7636363636363637,0.6176470588235294
Faster R-CNN ResNet50 FPN V2,84,book,0.19187196339245777,490,758,487,0.3926282051282051,0.5015353121801432,0.4404494382022472
Faster R-CNN ResNet50 FPN V2,85,clock,0.5502236303654483,192,132,48,0.5925925925925926,0.8,0.6808510638297872
Faster R-CNN ResNet50 FPN V2,86,vase,0.41374770360276686,151,195,79,0.43641618497109824,0.6565217391304348,0.5243055555555556
Faster R-CNN ResNet50 FPN V2,87,scissors,0.37423722929362163,18,15,14,0.5454545454545454,0.5625,0.5538461538461539
Faster R-CNN ResNet50 FPN V2,88,teddy bear,0.5119994053077052,136,86,36,0.6126126126126126,0.7906976744186046,0.6903553299492385
Faster R-CNN ResNet50 FPN V2,89,hair drier,0.1315233446421565,2,4,8,0.3333333333333333,0.2,0.25
Faster R-CNN ResNet50 FPN V2,90,toothbrush,0.3711963061820586,31,44,19,0.41333333333333333,0.62,0.496
